Job ID,Job URL,Job Title,Company Name,Status,Timestamp,WP ID
32b26d90528c7301,https://tj.linkedin.com/jobs/view/funded-traineeship-for-young-graduates-at-the-eu-delegation-to-tajikistan-at-eubam-libya-4437121614,Funded traineeship for young graduates at the EU Delegation to Tajikistan,,scraped,2026-07-07T01:24:39.346985,
82ceb4a0ca552c69,https://tj.linkedin.com/jobs/view/languagecert-quality-auditor-dushanbe-tajikistan-at-peoplecert-4431902256,"LanguageCert Quality Auditor - Dushanbe, Tajikistan",,scraped,2026-07-07T01:25:50.111585,
ea8a2b6df40526b3,https://tj.linkedin.com/jobs/view/project-coordinator-software-development-at-pls-4436700500,Project Coordinator (Software Development),,scraped,2026-07-07T01:25:58.070332,
427e43423a7cc68d,https://tj.linkedin.com/jobs/view/%D1%96%D0%BD%D0%B6%D0%B5%D0%BD%D0%B5%D1%80-%D0%B1%D1%83%D0%B4%D1%96%D0%B2%D0%B5%D0%BB%D1%8C%D0%BD%D0%B8%D0%BA-at-eurospace-4431989115,ІНЖЕНЕР-БУДІВЕЛЬНИК,EUROSPACE,posted,2026-07-07T01:27:45.984028,21
1e99e12cab88d6e0,https://tj.linkedin.com/jobs/view/russian-qa-lead-remote-at-yo-it-consulting-4434399405,Russian QA Lead - Remote,,scraped,2026-07-07T01:27:48.641187,
3559645a48c348f0,https://tj.linkedin.com/jobs/view/senior-technical-support-manager-at-alif-bank-4431593120,Senior Technical Support Manager,,scraped,2026-07-07T01:27:55.078363,
c157666c526390bb,https://tj.linkedin.com/jobs/view/engineering-manager-software-engineering-at-frontline-data-solutions-4435322323,"Engineering Manager, Software Engineering",,scraped,2026-07-07T01:28:04.539543,
cf194c4c7a633447,https://tj.linkedin.com/jobs/view/migration-health-physician-at-iom-un-migration-4435807449,Migration Health Physician,IOM - UN Migration,posted,2026-07-07T01:28:42.067992,23
331fc8807f71dbbe,https://tj.linkedin.com/jobs/view/%D0%BC%D0%B5%D0%BD%D0%B5%D0%B4%D0%B6%D0%B5%D1%80-%D0%BF%D0%BE-%D0%BF%D1%80%D0%BE%D0%B4%D0%B0%D0%B6%D0%B0%D0%BC-at-pixel-team-of-professionals-4431562760,Менеджер по продажам,Pixel - team of professionals,failed|wp_post_failed,2026-07-07T01:30:16.623374,
ca3d682a6c1f0238,https://tj.linkedin.com/jobs/view/maintenance-technician-at-vestas-4432340255,Maintenance Technician,,scraped,2026-07-07T01:30:19.290204,
9e7e0eb63d300506,https://tj.linkedin.com/jobs/view/supply-chain-officer-noa-at-world-food-programme-4437767757,Supply Chain Officer NOA,,scraped,2026-07-07T12:18:40.381614,
f165ca44ed7f827e,https://tj.linkedin.com/jobs/view/nutritionist-noa-at-world-food-programme-4437784029,Nutritionist NOA,,scraped,2026-07-07T12:18:48.394291,
da58d172891b59c1,https://tj.linkedin.com/jobs/view/regional-marketing-manager-at-xm-4432338461,Regional Marketing Manager,XM,posted,2026-07-07T12:19:08.505491,25
4b586d1d9584d43f,https://tj.linkedin.com/jobs/view/education-program-manager-at-efekta-education-4402370320,Education Program Manager,,scraped,2026-07-07T12:19:11.144667,
a6a7503c6535ed25,https://tj.linkedin.com/jobs/view/chief-engineer-russian-speaker-at-hyatt-regency-4436301347,Chief Engineer (Russian Speaker),Hyatt Regency,posted,2026-07-07T12:19:30.102595,27
6c319712d47ca14a,https://tj.linkedin.com/jobs/view/icitap-counterterrorism-advisor-central-asia-at-amentum-4436415559,ICITAP Counterterrorism Advisor - Central Asia,Amentum,posted,2026-07-07T12:19:38.672706,29
fa2643b84daea2c3,https://tj.linkedin.com/jobs/view/sports-data-collector-football-dushanbe-tajikistan-at-genius-sports-4423151729,"Sports Data Collector (Football) - Dushanbe, Tajikistan",,scraped,2026-07-07T12:19:41.345713,
98a08fe51a2074b2,https://tj.linkedin.com/jobs/view/data-focused-project-coordinator-remote-contract-at-infuse-4437792297,"Data-Focused Project Coordinator (Remote, Contract)",INFUSE,posted,2026-07-07T20:32:33.043525,31
b72f21d226482b5e,https://tj.linkedin.com/jobs/view/senior-costing-and-cost-recovery-expert-at-ntu-international-a-s-4437837943,Senior Costing and Cost-Recovery Expert,,scraped,2026-07-07T20:32:53.704431,
ef826d3919275a59,https://tj.linkedin.com/jobs/view/senior-agricultural-subsidies-payment-agency-exper-at-ntu-international-a-s-4437841589,Senior Agricultural Subsidies / Payment Agency Exper,,scraped,2026-07-07T20:33:00.798297,
963bf51439a1123d,https://tj.linkedin.com/jobs/view/senior-akis-agricultural-research-expert-at-ntu-international-a-s-4437855274,Senior AKIS / Agricultural Research Expert,,scraped,2026-07-07T20:33:09.850996,
4c54dbfe1a5056ba,https://tj.linkedin.com/jobs/view/senior-agricultural-insurance-and-rural-finance-expert-at-ntu-international-a-s-4437844816,Senior Agricultural Insurance and Rural Finance Expert,,scraped,2026-07-07T20:33:16.856764,
767f1ce37bedbe5b,https://tj.linkedin.com/jobs/view/senior-agricultural-statistics-expert-at-ntu-international-a-s-4437847561,Senior Agricultural Statistics Expert,,scraped,2026-07-07T20:33:23.754964,
9690540d70cee2fb,https://tj.linkedin.com/jobs/view/senior-land-management-rangeland-expert-at-ntu-international-a-s-4437847526,Senior Land Management / Rangeland Expert,,scraped,2026-07-07T20:33:30.959634,
dca79850ece60107,https://tj.linkedin.com/jobs/view/senior-agricultural-extension-expert-at-ntu-international-a-s-4437857221,Senior Agricultural Extension Expert,,scraped,2026-07-07T20:33:38.212741,
c03ae1bc6df9c5f5,https://tj.linkedin.com/jobs/view/senior-agricultural-extension-expert-at-ntu-international-a-s-4437846510,Senior Agricultural Extension Expert,,scraped,2026-07-07T20:33:45.647769,
9565e7d889aa4ce6,https://tj.linkedin.com/jobs/view/senior-backend-engineer-at-tabby-%D8%AA%D8%A7%D8%A8%D9%8A-4418932541,Senior Backend Engineer,,scraped,2026-07-07T20:33:52.859789,
cd9cea8a009ff254,https://tj.linkedin.com/jobs/view/%D0%B0%D0%B4%D0%BC%D0%B8%D0%BD%D0%B8%D1%81%D1%82%D1%80%D0%B0%D1%82%D0%BE%D1%80-at-pixel-team-of-professionals-4436009329,Администратор,,scraped,2026-07-08T07:18:26.973514,
a67f046f95406941,https://tj.linkedin.com/jobs/view/%D0%B8%D0%BD%D0%B6%D0%B5%D0%BD%D0%B5%D1%80-%D1%8D%D0%BB%D0%B5%D0%BA%D1%82%D1%80%D0%B8%D0%BA-at-pixel-team-of-professionals-4435796979,Инженер электрик,,scraped,2026-07-08T07:18:40.232642,
264e94adbd998f89,https://tj.linkedin.com/jobs/view/%D0%B3%D0%BB%D0%B0%D0%B2%D0%BD%D1%8B%D0%B9-%D0%B1%D1%83%D1%85%D0%B3%D0%B0%D0%BB%D1%82%D0%B5%D1%80-at-pixel-team-of-professionals-4436005498,Главный бухгалтер,,scraped,2026-07-08T07:18:48.494756,
955f8421c2e27819,https://tj.linkedin.com/jobs/view/senior-agri-food-logistics-cold-chain-expert-at-ntu-international-a-s-4437856345,Senior Agri-Food Logistics / Cold Chain Expert,,scraped,2026-07-08T07:19:00.310518,
bb99e3f5de5a2e9b,https://tj.linkedin.com/jobs/view/senior-training-and-capacity-development-expert-at-ntu-international-a-s-4437839997,Senior Training and Capacity Development Expert,,scraped,2026-07-08T07:19:08.175823,
c96db11cf383062c,https://tj.linkedin.com/jobs/view/senior-public-administration-reform-expert-at-ntu-international-a-s-4437843368,Senior Public Administration Reform Expert,,scraped,2026-07-08T07:19:17.783344,
526f5a32a641d10d,https://tj.linkedin.com/jobs/view/senior-phytosanitary-plant-health-expert-at-ntu-international-a-s-4437844318,Senior Phytosanitary / Plant Health Expert,,scraped,2026-07-08T07:19:27.070373,
e3db1951e98d7596,https://tj.linkedin.com/jobs/view/senior-water%E2%80%93agriculture-foresight-expert-at-ntu-international-a-s-4437850475,Senior Water–Agriculture Foresight Expert,,scraped,2026-07-08T07:19:34.739261,
156b9d6340637d0a,https://tj.linkedin.com/jobs/view/senior-public-finance-management-expert-at-ntu-international-a-s-4437831871,Senior Public Finance Management Expert,,scraped,2026-07-08T07:19:42.715961,
2485743654270674,https://tj.linkedin.com/jobs/view/%D0%BA%D0%BE%D0%BD%D1%82%D0%B5%D0%BD%D1%82-%D0%BC%D0%B5%D0%BD%D0%B5%D0%B4%D0%B6%D0%B5%D1%80-at-alif-tech-tajikistan-4434818699,Контент-менеджер,Alif Tech Tajikistan,posted,2026-07-08T13:19:49.748439,43
189798c9bcd7869d,https://tj.linkedin.com/jobs/view/conductor-a-autob%C3%BAs-at-sagal%C3%A9s-4437018899,Conductor/a autobús,,scraped,2026-07-08T13:19:52.093215,
a1551090f74229d3,https://tj.linkedin.com/jobs/view/digital-innovation-support-associate-at-iom-un-migration-4438178659,Digital Innovation Support Associate,IOM - UN Migration,posted,2026-07-08T13:20:12.192832,45
dc13409a39b16899,https://tj.linkedin.com/jobs/view/senior-value-chain-development-expert-at-ntu-international-a-s-4437846601,Senior Value Chain Development Expert,,scraped,2026-07-08T13:20:16.778290,
93d2b557e595f9e7,https://tj.linkedin.com/jobs/view/%D0%B8%D0%BD%D0%B6%D0%B5%D0%BD%D0%B5%D1%80-%D0%BF%D0%BE-%D1%82%D0%B1-%D0%BD%D0%B0-%D0%BE%D0%B1%D1%8A%D0%B5%D0%BA%D1%82-%D1%81%D1%82%D1%80%D0%BE%D0%B8%D1%82%D0%B5%D0%BB%D1%8C%D1%81%D1%82%D0%B2%D0%B0-%D0%B6%D0%BA-%D0%B2-%D0%B3-%D0%B4%D1%83%D1%88%D0%B0%D0%BD%D0%B1%D0%B5-4434824055,Инженер по ТБ на объект строительства ЖК в г. Душанбе.,Проект Инвест,posted,2026-07-08T13:20:31.270093,47
0abdf86584e52488,https://tj.linkedin.com/jobs/view/senior-survey-methodology-expert-at-ntu-international-a-s-4437846623,Senior Survey Methodology Expert,,scraped,2026-07-08T13:20:43.816630,
163e93e438266599,https://tj.linkedin.com/jobs/view/senior-veterinary-and-laboratory-accreditation-expert-at-ntu-international-a-s-4437845277,Senior Veterinary and Laboratory Accreditation Expert,,scraped,2026-07-08T13:20:52.971548,
61db05e9dc4dc58f,https://tj.linkedin.com/jobs/view/assistant-financial-accountant-at-fnf-global-inc-4438504600,Assistant Financial Accountant,FNF GLOBAL INC,posted,2026-07-08T23:44:53.761713,49
5cc83d2f28f938ad,https://tj.linkedin.com/jobs/view/senior-medical-associate-at-iom-un-migration-4438656187,Senior Medical Associate,IOM - UN Migration,posted,2026-07-09T18:27:53.021488,51
9d4f8aa01fff8eec,https://tj.linkedin.com/jobs/view/%D0%BA%D0%B5%D1%80%D1%96%D0%B2%D0%BD%D0%B8%D0%BA-%D0%B2%D1%96%D0%B4%D0%B4%D1%96%D0%BB%D0%B5%D0%BD%D0%BD%D1%8F-at-otp-bank-ukraine-4437962644,Керівник відділення,,scraped,2026-07-10T11:23:39.333013,
b80da9b9d638061a,https://tj.linkedin.com/jobs/view/%D0%BA%D0%B5%D1%80%D1%83%D1%8E%D1%87%D0%B8%D0%B9-%D0%B2%D1%96%D0%B4%D0%B4%D1%96%D0%BB%D0%B5%D0%BD%D0%BD%D1%8F%D0%BC-at-otp-bank-ukraine-4437962643,Керуючий  відділенням,,scraped,2026-07-10T11:23:46.502897,
6134c6f47852ba13,https://tj.linkedin.com/jobs/view/%D0%BA%D0%BE%D0%BC%D1%96%D1%80%D0%BD%D0%B8%D0%BA-%D0%BA%D0%BE%D0%BC%D0%BF%D0%BB%D0%B5%D0%BA%D1%82%D1%83%D0%B2%D0%B0%D0%BB%D1%8C%D0%BD%D0%B8%D0%BA-at-tiva-ua-4437983450,Комірник-комплектувальник,,scraped,2026-07-10T11:23:57.684155,
b47965aea4ddf5f2,https://tj.linkedin.com/jobs/view/senior-food-safety-expert-at-ntu-international-a-s-4437844310,Senior Food Safety Expert,,scraped,2026-07-10T11:24:14.095482,
3c0bb27b978ec94f,https://tj.linkedin.com/jobs/view/%D1%80%D0%B5%D0%B3%D1%96%D0%BE%D0%BD%D0%B0%D0%BB%D1%8C%D0%BD%D0%B8%D0%B9-%D0%BC%D0%B5%D0%BD%D0%B5%D0%B4%D0%B6%D0%B5%D1%80-%D0%BF%D0%BE-%D1%80%D0%BE%D0%B7%D0%B2%D0%B8%D1%82%D0%BA%D1%83-%D1%80%D0%B5%D0%B3%D1%96%D0%BE%D0%BD%D1%83-%D0%B7-%D0%B0%D0%B2%D1%82%D0%BE%D0%BA%D1%80%D0%B5%D0%B4%D0%B8%D1%82%D1%83%D0%B2%D0%B0%D0%BD%D0%BD%D1%8F-at-otp-bank-ukraine-4437964561,Регіональний менеджер по розвитку регіону з автокредитування,,scraped,2026-07-10T11:24:21.215338,
3cb07426ff43a045,https://tj.linkedin.com/jobs/view/%D1%81%D0%B8%D1%81%D1%82%D0%B5%D0%BC%D0%BD%D1%8B%D0%B9-%D0%B0%D0%B4%D0%BC%D0%B8%D0%BD%D0%B8%D1%81%D1%82%D1%80%D0%B0%D1%82%D0%BE%D1%80-at-pixel-team-of-professionals-4436015139,Системный администратор,Pixel - team of professionals,failed|wp_post_failed,2026-07-10T18:09:54.452969,
b2d15b7ca49ce3bb,https://tj.linkedin.com/jobs/view/%D0%B2-%D1%81%D0%B5%D1%82%D1%8C-%D0%B0%D0%B7%D1%81-%C2%AB%D1%80%D0%BE%D1%85%D0%B8-%D1%81%D0%BE%D0%BC%D0%BE%D0%BD-%D0%BD%D0%B0%D1%84%D1%82%C2%BB-%D1%82%D1%80%D0%B5%D0%B1%D1%83%D1%8E%D1%82%D1%81%D1%8F-%D0%B7%D0%B0%D0%BF%D1%80%D0%B0%D0%B2%D1%89%D0%B8%D0%BA%D0%B8-at-%D1%81%D0%B5%D1%82%D1%8C-%D0%B0%D0%B7%D1%81-%D1%80%D0%BE%D1%85%D0%B8-%D1%81%D0%BE%D0%BC%D0%BE%D0%BD-%E2%80%8B-4439327071,В сеть АЗС «Рохи Сомон Нафт» требуются заправщики.,,scraped,2026-07-10T18:10:00.902255,
dfad892b5e1c2c2b,https://tj.linkedin.com/jobs/view/national-consultant-to-support-moes-with-math-and-geometry-tlm-development-component-2-isdb-gpe-ofid-education-reform-project-phase-ii-dushanbe-tajikistan-13-months-remote-for-nationals-at-unicef-4439304941,"National Consultant to support MoES with Math and Geometry TLM Development (Component 2, IsDB/GPE/OFID Education Reform Project, Phase II), Dushanbe, Tajikistan, 13 months, Remote (for Nationals)",UNICEF,posted,2026-07-10T18:10:25.100745,53
79edf2a7038e8a2e,https://tj.linkedin.com/jobs/view/consulting-services-by-firm-for-the-engineering-design-and-author-s-supervision-for-the-training-center-and-laboratory-of-of-committee-for-housing-and-communal-services-4435662512,Consulting Services (by firm) for the Engineering design and Author's Supervision for the Training center and laboratory of of Committee for Housing and Communal Services,"PMU ""Water Supply & Sanitation Investment Project""",posted,2026-07-10T18:10:35.630827,55
5390136d242413f6,https://tj.linkedin.com/jobs/view/senior-climate-adaptation-expert-at-ntu-international-a-s-4437853340,Senior Climate Adaptation Expert,,scraped,2026-07-10T18:10:40.213397,
73b2e320c6c5f324,https://tj.linkedin.com/jobs/view/deputy-executive-director-at-amcham-tajikistan-4436662501,Deputy Executive Director,AmCham Tajikistan,posted,2026-07-11T11:33:43.612688,57
6992626f7e26be91,https://tj.linkedin.com/jobs/view/%D0%BA%D0%B5%D1%80%D1%83%D1%8E%D1%87%D0%B8%D0%B9-%D0%BC%D0%B0%D0%B3%D0%B0%D0%B7%D0%B8%D0%BD%D1%83-at-%D0%B1%D0%BB%D0%B8%D0%B7%D0%B5%D0%BD%D1%8C%D0%BA%D0%BE-4439559015,Керуючий магазину,Близенько,failed|wp_post_failed,2026-07-11T11:33:49.541488,
0e121289e0ba7c5d,https://tj.linkedin.com/jobs/view/%D0%BA%D0%B5%D1%80%D1%83%D1%8E%D1%87%D0%B8%D0%B9-%D0%BC%D0%B0%D0%B3%D0%B0%D0%B7%D0%B8%D0%BD%D1%83-at-%D0%B1%D0%BB%D0%B8%D0%B7%D0%B5%D0%BD%D1%8C%D0%BA%D0%BE-4439552382,Керуючий магазину,Близенько,scraped,2026-07-11T11:33:53.347650,
b988bfbc2db5a602,https://tj.linkedin.com/jobs/view/head-of-external-relations-nob-at-world-food-programme-4437775195,Head of External Relations NOB,,scraped,2026-07-11T11:33:55.931944,
77e4fd4f45dab65c,https://tj.linkedin.com/jobs/view/conductor-a-autob%C3%BAs-at-sagal%C3%A9s-4438913299,Conductor/a autobús,,scraped,2026-07-11T15:34:20.284548,
ae48a29a97d0abd7,https://tj.linkedin.com/jobs/view/%D0%BF%D0%B5%D0%BA%D0%B0%D1%80-at-%D0%B1%D0%BB%D0%B8%D0%B7%D0%B5%D0%BD%D1%8C%D0%BA%D0%BE-4439704441,Пекар,Близенько,failed|wp_post_failed,2026-07-12T07:50:51.333776,
c2730341c3a146d1,https://tj.linkedin.com/jobs/view/%D0%B0%D0%B4%D0%BC%D1%96%D0%BD%D1%96%D1%81%D1%82%D1%80%D0%B0%D1%82%D0%BE%D1%80-at-%D0%B1%D0%BB%D0%B8%D0%B7%D0%B5%D0%BD%D1%8C%D0%BA%D0%BE-4439592722,Адміністратор,Близенько,failed|wp_post_failed,2026-07-12T07:50:57.378916,
9db848ef937b2c63,https://tj.linkedin.com/jobs/view/%D0%BF%D1%80%D0%BE%D0%B4%D0%B0%D0%B2%D0%B5%D1%86%D1%8C-%D0%BA%D0%BE%D0%BD%D1%81%D1%83%D0%BB%D1%8C%D1%82%D0%B0%D0%BD%D1%82-at-%D0%B1%D0%BB%D0%B8%D0%B7%D0%B5%D0%BD%D1%8C%D0%BA%D0%BE-4439703423,Продавець-консультант,Близенько,posted,2026-07-12T07:51:19.151598,59
1720b1f3e8fc29d5,https://tj.linkedin.com/jobs/view/%D0%BA%D0%B5%D1%80%D1%83%D1%8E%D1%87%D0%B8%D0%B9-%D0%BC%D0%B0%D0%B3%D0%B0%D0%B7%D0%B8%D0%BD%D1%83-at-%D0%B1%D0%BB%D0%B8%D0%B7%D0%B5%D0%BD%D1%8C%D0%BA%D0%BE-4439703431,Керуючий магазину,Близенько,failed|wp_post_failed,2026-07-12T07:51:25.431289,
001de98ceb39ff98,https://tj.linkedin.com/jobs/view/%D0%BA%D0%B5%D1%80%D1%83%D1%8E%D1%87%D0%B8%D0%B9-%D0%BC%D0%B0%D0%B3%D0%B0%D0%B7%D0%B8%D0%BD%D1%83-at-%D0%B1%D0%BB%D0%B8%D0%B7%D0%B5%D0%BD%D1%8C%D0%BA%D0%BE-4439596616,Керуючий магазину,Близенько,scraped,2026-07-12T07:51:29.261504,
7b304088cf1a6a0c,https://tj.linkedin.com/jobs/view/%D0%BA%D0%B5%D1%80%D1%83%D1%8E%D1%87%D0%B8%D0%B9-%D0%BC%D0%B0%D0%B3%D0%B0%D0%B7%D0%B8%D0%BD%D1%83-at-%D0%B1%D0%BB%D0%B8%D0%B7%D0%B5%D0%BD%D1%8C%D0%BA%D0%BE-4439599562,Керуючий магазину,Близенько,scraped,2026-07-12T07:51:33.225300,
64c3b4c19e1d423e,https://tj.linkedin.com/jobs/view/%D0%BA%D0%B5%D1%80%D1%83%D1%8E%D1%87%D0%B8%D0%B9-%D0%BC%D0%B0%D0%B3%D0%B0%D0%B7%D0%B8%D0%BD%D1%83-at-%D0%B1%D0%BB%D0%B8%D0%B7%D0%B5%D0%BD%D1%8C%D0%BA%D0%BE-4439708143,Керуючий магазину,Близенько,scraped,2026-07-12T07:51:37.860165,
c5ce062ab29bad45,https://tj.linkedin.com/jobs/view/%D0%BF%D1%80%D0%B8%D0%B1%D0%B8%D1%80%D0%B0%D0%BB%D1%8C%D0%BD%D0%B8%D0%BA-%D1%81%D0%BB%D1%83%D0%B6%D0%B1%D0%BE%D0%B2%D0%B8%D1%85-%D0%BF%D1%80%D0%B8%D0%BC%D1%96%D1%89%D0%B5%D0%BD%D1%8C-at-%D0%B1%D0%BB%D0%B8%D0%B7%D0%B5%D0%BD%D1%8C%D0%BA%D0%BE-4439595604,Прибиральник службових приміщень,Близенько,failed|wp_post_failed,2026-07-12T07:51:41.964514,
012f2303be03256b,https://tj.linkedin.com/jobs/view/%D0%BF%D1%80%D0%B8%D0%B1%D0%B8%D1%80%D0%B0%D0%BB%D1%8C%D0%BD%D0%B8%D0%BA-%D1%81%D0%BB%D1%83%D0%B6%D0%B1%D0%BE%D0%B2%D0%B8%D1%85-%D0%BF%D1%80%D0%B8%D0%BC%D1%96%D1%89%D0%B5%D0%BD%D1%8C-at-%D0%B1%D0%BB%D0%B8%D0%B7%D0%B5%D0%BD%D1%8C%D0%BA%D0%BE-4439594765,Прибиральник службових приміщень,Близенько,scraped,2026-07-12T07:51:46.076101,
3a6ac7089ef5444e,https://tj.linkedin.com/jobs/view/%D0%BF%D1%80%D0%B8%D0%B1%D0%B8%D1%80%D0%B0%D0%BB%D1%8C%D0%BD%D0%B8%D0%BA-%D1%81%D0%BB%D1%83%D0%B6%D0%B1%D0%BE%D0%B2%D0%B8%D1%85-%D0%BF%D1%80%D0%B8%D0%BC%D1%96%D1%89%D0%B5%D0%BD%D1%8C-at-%D0%B1%D0%BB%D0%B8%D0%B7%D0%B5%D0%BD%D1%8C%D0%BA%D0%BE-4439598505,Прибиральник службових приміщень,Близенько,scraped,2026-07-12T07:51:50.066246,
b337e5887598ad1f,https://tj.linkedin.com/jobs/view/%D0%BF%D1%80%D0%B8%D0%B1%D0%B8%D1%80%D0%B0%D0%BB%D1%8C%D0%BD%D0%B8%D0%BA-%D1%81%D0%BB%D1%83%D0%B6%D0%B1%D0%BE%D0%B2%D0%B8%D1%85-%D0%BF%D1%80%D0%B8%D0%BC%D1%96%D1%89%D0%B5%D0%BD%D1%8C-at-%D0%B1%D0%BB%D0%B8%D0%B7%D0%B5%D0%BD%D1%8C%D0%BA%D0%BE-4439707154,Прибиральник службових приміщень,Близенько,scraped,2026-07-12T07:51:54.145570,
d233bb41f50cfd79,https://tj.linkedin.com/jobs/view/%D0%BF%D1%80%D0%BE%D0%B4%D0%B0%D0%B2%D0%B5%D1%86%D1%8C-%D0%BA%D0%BE%D0%BD%D1%81%D1%83%D0%BB%D1%8C%D1%82%D0%B0%D0%BD%D1%82-at-%D0%B1%D0%BB%D0%B8%D0%B7%D0%B5%D0%BD%D1%8C%D0%BA%D0%BE-4439591764,Продавець-консультант,Близенько,scraped,2026-07-12T07:51:58.203640,
eef1ab314210d90d,https://tj.linkedin.com/jobs/view/%D0%BF%D1%80%D0%BE%D0%B4%D0%B0%D0%B2%D0%B5%D1%86%D1%8C-%D0%BA%D0%BE%D0%BD%D1%81%D1%83%D0%BB%D1%8C%D1%82%D0%B0%D0%BD%D1%82-at-%D0%B1%D0%BB%D0%B8%D0%B7%D0%B5%D0%BD%D1%8C%D0%BA%D0%BE-4439599560,Продавець-консультант,Близенько,scraped,2026-07-12T07:52:02.166622,
e3a8ba8e6a0eef35,https://tj.linkedin.com/jobs/view/%D0%BF%D1%80%D0%BE%D0%B4%D0%B0%D0%B2%D0%B5%D1%86%D1%8C-%D0%BA%D0%BE%D0%BD%D1%81%D1%83%D0%BB%D1%8C%D1%82%D0%B0%D0%BD%D1%82-at-%D0%B1%D0%BB%D0%B8%D0%B7%D0%B5%D0%BD%D1%8C%D0%BA%D0%BE-4439700492,Продавець-консультант,Близенько,scraped,2026-07-12T07:52:06.162672,
1b2f22eec064135d,https://tj.linkedin.com/jobs/view/%D0%BF%D1%80%D0%BE%D0%B4%D0%B0%D0%B2%D0%B5%D1%86%D1%8C-%D0%BA%D0%BE%D0%BD%D1%81%D1%83%D0%BB%D1%8C%D1%82%D0%B0%D0%BD%D1%82-at-%D0%B1%D0%BB%D0%B8%D0%B7%D0%B5%D0%BD%D1%8C%D0%BA%D0%BE-4439596621,Продавець-консультант,Близенько,scraped,2026-07-12T07:52:10.191647,
ad45d704c89b29fc,https://tj.linkedin.com/jobs/view/%D0%BF%D1%80%D0%BE%D0%B4%D0%B0%D0%B2%D0%B5%D1%86%D1%8C-%D0%BA%D0%BE%D0%BD%D1%81%D1%83%D0%BB%D1%8C%D1%82%D0%B0%D0%BD%D1%82-at-%D0%B1%D0%BB%D0%B8%D0%B7%D0%B5%D0%BD%D1%8C%D0%BA%D0%BE-4439700486,Продавець-консультант,Близенько,scraped,2026-07-12T07:52:14.146718,
07a68d505802a582,https://tj.linkedin.com/jobs/view/%D0%BF%D1%80%D0%BE%D0%B4%D0%B0%D0%B2%D0%B5%D1%86%D1%8C-%D0%BA%D0%BE%D0%BD%D1%81%D1%83%D0%BB%D1%8C%D1%82%D0%B0%D0%BD%D1%82-at-%D0%B1%D0%BB%D0%B8%D0%B7%D0%B5%D0%BD%D1%8C%D0%BA%D0%BE-4439589814,Продавець-консультант,Близенько,scraped,2026-07-12T07:52:20.066724,
f02bf03180c7685f,https://tj.linkedin.com/jobs/view/%D0%B0%D0%B4%D0%BC%D1%96%D0%BD%D1%96%D1%81%D1%82%D1%80%D0%B0%D1%82%D0%BE%D1%80-at-%D0%B1%D0%BB%D0%B8%D0%B7%D0%B5%D0%BD%D1%8C%D0%BA%D0%BE-4439596614,Адміністратор,Близенько,scraped,2026-07-12T07:52:30.009400,
7c42618a38c479fa,https://tj.linkedin.com/jobs/view/%D0%B0%D0%B4%D0%BC%D1%96%D0%BD%D1%96%D1%81%D1%82%D1%80%D0%B0%D1%82%D0%BE%D1%80-at-%D0%B1%D0%BB%D0%B8%D0%B7%D0%B5%D0%BD%D1%8C%D0%BA%D0%BE-4439598501,Адміністратор,Близенько,scraped,2026-07-12T07:52:34.657288,
efb0e03fbd418dd7,https://tj.linkedin.com/jobs/view/%D0%B0%D0%B4%D0%BC%D1%96%D0%BD%D1%96%D1%81%D1%82%D1%80%D0%B0%D1%82%D0%BE%D1%80-at-%D0%B1%D0%BB%D0%B8%D0%B7%D0%B5%D0%BD%D1%8C%D0%BA%D0%BE-4439701499,Адміністратор,Близенько,scraped,2026-07-12T07:52:38.716036,
76dd40f102f53a02,https://tj.linkedin.com/jobs/view/%D0%BF%D1%80%D0%BE%D0%B4%D0%B0%D0%B2%D0%B5%D1%86%D1%8C-%D0%BA%D0%BE%D0%BD%D1%81%D1%83%D0%BB%D1%8C%D1%82%D0%B0%D0%BD%D1%82-at-%D0%B1%D0%BB%D0%B8%D0%B7%D0%B5%D0%BD%D1%8C%D0%BA%D0%BE-4439586869,Продавець-консультант,Близенько,posted,2026-07-12T11:45:24.667247,61
d02eb796fe67582f,https://tj.linkedin.com/jobs/view/%D0%BF%D1%80%D0%B8%D0%B1%D0%B8%D1%80%D0%B0%D0%BB%D1%8C%D0%BD%D0%B8%D0%BA-%D1%81%D0%BB%D1%83%D0%B6%D0%B1%D0%BE%D0%B2%D0%B8%D1%85-%D0%BF%D1%80%D0%B8%D0%BC%D1%96%D1%89%D0%B5%D0%BD%D1%8C-at-%D0%B1%D0%BB%D0%B8%D0%B7%D0%B5%D0%BD%D1%8C%D0%BA%D0%BE-4439595595,Прибиральник службових приміщень,Близенько,failed|wp_post_failed,2026-07-12T11:45:32.740751,
dac577bf982e6262,https://tj.linkedin.com/jobs/view/%D0%BF%D1%80%D0%BE%D0%B4%D0%B0%D0%B2%D0%B5%D1%86%D1%8C-%D0%BA%D0%BE%D0%BD%D1%81%D1%83%D0%BB%D1%8C%D1%82%D0%B0%D0%BD%D1%82-at-%D0%B1%D0%BB%D0%B8%D0%B7%D0%B5%D0%BD%D1%8C%D0%BA%D0%BE-4439708144,Продавець-консультант,Близенько,scraped,2026-07-12T11:45:36.928901,
0ca1481d0471414d,https://tj.linkedin.com/jobs/view/%D0%BF%D1%80%D0%BE%D0%B4%D0%B0%D0%B2%D0%B5%D1%86%D1%8C-%D0%BA%D0%BE%D0%BD%D1%81%D1%83%D0%BB%D1%8C%D1%82%D0%B0%D0%BD%D1%82-at-%D0%B1%D0%BB%D0%B8%D0%B7%D0%B5%D0%BD%D1%8C%D0%BA%D0%BE-4439591763,Продавець-консультант,Близенько,scraped,2026-07-12T11:46:03.175304,
8ca205d564cde574,https://tj.linkedin.com/jobs/view/%D0%B0%D0%B4%D0%BC%D1%96%D0%BD%D1%96%D1%81%D1%82%D1%80%D0%B0%D1%82%D0%BE%D1%80-at-%D0%B1%D0%BB%D0%B8%D0%B7%D0%B5%D0%BD%D1%8C%D0%BA%D0%BE-4439705286,Адміністратор,Близенько,failed|wp_post_failed,2026-07-12T11:46:21.380732,
1475b6bb60618d40,https://tj.linkedin.com/jobs/view/%D0%B0%D0%B4%D0%BC%D1%96%D0%BD%D1%96%D1%81%D1%82%D1%80%D0%B0%D1%82%D0%BE%D1%80-at-%D0%B1%D0%BB%D0%B8%D0%B7%D0%B5%D0%BD%D1%8C%D0%BA%D0%BE-4439587876,Адміністратор,Близенько,scraped,2026-07-12T11:46:25.348750,
ce3f0e8b7c95ecdd,https://tj.linkedin.com/jobs/view/%D0%B0%D0%B4%D0%BC%D1%96%D0%BD%D1%96%D1%81%D1%82%D1%80%D0%B0%D1%82%D0%BE%D1%80-at-%D0%B1%D0%BB%D0%B8%D0%B7%D0%B5%D0%BD%D1%8C%D0%BA%D0%BE-4439586870,Адміністратор,Близенько,scraped,2026-07-12T11:46:29.480579,
746cd29140e1f20c,https://tj.linkedin.com/jobs/view/%D0%BF%D1%80%D0%B8%D0%B1%D0%B8%D1%80%D0%B0%D0%BB%D1%8C%D0%BD%D0%B8%D0%BA-%D1%81%D0%BB%D1%83%D0%B6%D0%B1%D0%BE%D0%B2%D0%B8%D1%85-%D0%BF%D1%80%D0%B8%D0%BC%D1%96%D1%89%D0%B5%D0%BD%D1%8C-at-%D0%B1%D0%BB%D0%B8%D0%B7%D0%B5%D0%BD%D1%8C%D0%BA%D0%BE-4439704435,Прибиральник службових приміщень,Близенько,failed|wp_post_failed,2026-07-12T15:39:48.076469,
bcf917e28a8bcc43,https://tj.linkedin.com/jobs/view/asd-nuit-ssr-valmy-h-f-at-clinique-mutualiste-b%C3%A9nigne-joly-4436688145,ASD NUIT SSR VALMY H/F,Clinique Mutualiste Bénigne Joly,posted,2026-07-12T15:40:19.136400,63
c7b402350b0aee11,https://tj.linkedin.com/jobs/view/programme-policy-officer-cooperating-partner-cp-management-noa-at-world-food-programme-4437780078,Programme Policy Officer - Cooperating Partner (CP) Management NOA,,scraped,2026-07-12T15:40:21.719767,
d99a60b32e15da30,https://tj.linkedin.com/jobs/view/persian-team-lead-at-sme-careers-4428863280,Persian Team Lead,SME Careers,posted,2026-07-12T15:40:50.901046,65
8ed7aa36bbfb0ed5,https://tj.linkedin.com/jobs/view/offre-de-stage-fle-af-de-khoudjand-tadjikistan-4433928571,OFFRE DE STAGE FLE : AF de KHOUDJAND (TADJIKISTAN),Alliance Française de Khoudjand,posted,2026-07-12T15:41:00.417353,67
0e857d7420806fb4,https://tj.linkedin.com/jobs/view/%D0%BF%D1%80%D0%BE%D0%B4%D0%B0%D0%B2%D0%B5%D1%86%D1%8C-%D0%BA%D0%BE%D0%BD%D1%81%D1%83%D0%BB%D1%8C%D1%82%D0%B0%D0%BD%D1%82-at-%D0%B1%D0%BB%D0%B8%D0%B7%D0%B5%D0%BD%D1%8C%D0%BA%D0%BE-4439593729,Продавець-консультант,Близенько,posted,2026-07-12T19:58:36.062978,69
101696cdafc0e822,https://tj.linkedin.com/jobs/view/%D0%BF%D1%80%D0%BE%D0%B4%D0%B0%D0%B2%D0%B5%D1%86%D1%8C-%D0%BA%D0%BE%D0%BD%D1%81%D1%83%D0%BB%D1%8C%D1%82%D0%B0%D0%BD%D1%82-at-%D0%B1%D0%BB%D0%B8%D0%B7%D0%B5%D0%BD%D1%8C%D0%BA%D0%BE-4439598504,Продавець-консультант,Близенько,scraped,2026-07-12T19:59:08.485243,
0636ea2ab238ad24,https://tj.linkedin.com/jobs/view/%D0%BF%D1%80%D0%BE%D0%B4%D0%B0%D0%B2%D0%B5%D1%86%D1%8C-%D0%BA%D0%BE%D0%BD%D1%81%D1%83%D0%BB%D1%8C%D1%82%D0%B0%D0%BD%D1%82-at-%D0%B1%D0%BB%D0%B8%D0%B7%D0%B5%D0%BD%D1%8C%D0%BA%D0%BE-4439587878,Продавець-консультант,Близенько,scraped,2026-07-12T19:59:12.527515,
3d5521b602570a47,https://tj.linkedin.com/jobs/view/russian-team-lead-at-sme-careers-4431603892,Russian Team Lead,SME Careers,posted,2026-07-13T11:43:41.594875,71
f52ece5a26f715d7,https://tj.linkedin.com/jobs/view/%D0%BF%D1%80%D0%BE%D0%B4%D0%B0%D0%B2%D0%B5%D1%86%D1%8C-%D0%BA%D0%BE%D0%BD%D1%81%D1%83%D0%BB%D1%8C%D1%82%D0%B0%D0%BD%D1%82-at-%D0%B1%D0%BB%D0%B8%D0%B7%D0%B5%D0%BD%D1%8C%D0%BA%D0%BE-4439599572,Продавець-консультант,Близенько,posted,2026-07-13T11:44:05.003460,73
603aa4e40aae3f58,https://tj.linkedin.com/jobs/view/%D0%BF%D1%80%D0%BE%D0%B4%D0%B0%D0%B2%D0%B5%D1%86%D1%8C-%D0%BA%D0%BE%D0%BD%D1%81%D1%83%D0%BB%D1%8C%D1%82%D0%B0%D0%BD%D1%82-at-%D0%B1%D0%BB%D0%B8%D0%B7%D0%B5%D0%BD%D1%8C%D0%BA%D0%BE-4439744798,Продавець-консультант,Близенько,scraped,2026-07-13T11:44:09.197344,
3637059708c0f46b,https://tj.linkedin.com/jobs/view/%D0%BF%D1%80%D0%BE%D0%B4%D0%B0%D0%B2%D0%B5%D1%86%D1%8C-%D0%BA%D0%BE%D0%BD%D1%81%D1%83%D0%BB%D1%8C%D1%82%D0%B0%D0%BD%D1%82-at-%D0%B1%D0%BB%D0%B8%D0%B7%D0%B5%D0%BD%D1%8C%D0%BA%D0%BE-4439786970,Продавець-консультант,Близенько,scraped,2026-07-13T11:44:19.482541,
eb6adf1b923e56c9,https://tj.linkedin.com/jobs/view/%D0%B0%D0%B4%D0%BC%D1%96%D0%BD%D1%96%D1%81%D1%82%D1%80%D0%B0%D1%82%D0%BE%D1%80-at-%D0%B1%D0%BB%D0%B8%D0%B7%D0%B5%D0%BD%D1%8C%D0%BA%D0%BE-4439587877,Адміністратор,Близенько,failed|wp_post_failed,2026-07-13T18:20:27.000677,
78a6027f0791e0bf,https://tj.linkedin.com/jobs/view/international-consultant-for-ai-readiness-assessment-and-roadmap-development-at-iom-un-migration-4440046258,International Consultant for AI Readiness Assessment and Roadmap Development,IOM - UN Migration,posted,2026-07-13T18:21:28.512934,75
a3c6722bee132eb8,https://tj.linkedin.com/jobs/view/sales-specialist-at-dushanbe-city-3975706281,Sales Specialist,,scraped,2026-07-13T18:21:32.962849,
ad8f4f9370e37fe1,https://tj.linkedin.com/jobs/view/%D0%BF%D0%B5%D0%BA%D0%B0%D1%80-at-%D0%B1%D0%BB%D0%B8%D0%B7%D0%B5%D0%BD%D1%8C%D0%BA%D0%BE-4440308064,Пекар,Близенько,failed|wp_post_failed,2026-07-13T23:20:06.023675,
7e11cb2966d9d2f1,https://tj.linkedin.com/jobs/view/conductor-a-autob%C3%BAs-at-sagal%C3%A9s-4439478269,Conductor/a autobús,,scraped,2026-07-13T23:20:18.360825,
fb59d317eefaf29c,https://tj.linkedin.com/jobs/view/%D0%BF%D1%80%D0%BE%D0%B4%D0%B0%D0%B2%D0%B5%D1%86%D1%8C-%D0%BA%D0%BE%D0%BD%D1%81%D1%83%D0%BB%D1%8C%D1%82%D0%B0%D0%BD%D1%82-at-%D0%B1%D0%BB%D0%B8%D0%B7%D0%B5%D0%BD%D1%8C%D0%BA%D0%BE-4440097477,Продавець-консультант,Близенько,failed|wp_post_failed,2026-07-13T23:20:47.865545,
c20be4c15e0b43a1,https://tj.linkedin.com/jobs/view/%D0%B0%D0%B4%D0%BC%D1%96%D0%BD%D1%96%D1%81%D1%82%D1%80%D0%B0%D1%82%D0%BE%D1%80-at-%D0%B1%D0%BB%D0%B8%D0%B7%D0%B5%D0%BD%D1%8C%D0%BA%D0%BE-4440306047,Адміністратор,Близенько,failed|wp_post_failed,2026-07-13T23:21:41.352043,
acaa77ba7de0da80,https://tj.linkedin.com/jobs/view/deputy-executive-director-at-amcham-tajikistan-4437638811,Deputy Executive Director,,scraped,2026-07-14T07:25:16.925091,
c3069958bfe4b447,https://tj.linkedin.com/jobs/view/%D0%BA%D0%B5%D1%80%D1%83%D1%8E%D1%87%D0%B8%D0%B9-%D0%BC%D0%B0%D0%B3%D0%B0%D0%B7%D0%B8%D0%BD%D1%83-at-%D0%B1%D0%BB%D0%B8%D0%B7%D0%B5%D0%BD%D1%8C%D0%BA%D0%BE-4440304040,Керуючий магазину,Близенько,failed|wp_post_failed,2026-07-14T07:25:41.613956,
e55b4330d23c18cd,https://tj.linkedin.com/jobs/view/%D0%BF%D1%80%D0%BE%D0%B4%D0%B0%D0%B2%D0%B5%D1%86%D1%8C-%D0%BA%D0%BE%D0%BD%D1%81%D1%83%D0%BB%D1%8C%D1%82%D0%B0%D0%BD%D1%82-at-%D0%B1%D0%BB%D0%B8%D0%B7%D0%B5%D0%BD%D1%8C%D0%BA%D0%BE-4440515270,Продавець-консультант,Близенько,failed|wp_post_failed,2026-07-14T07:25:50.168673,
6c11e6d0051362c7,https://tj.linkedin.com/jobs/view/%D1%80%D1%83%D0%BA%D0%BE%D0%B2%D0%BE%D0%B4%D0%B8%D1%82%D0%B5%D0%BB%D1%8C-%D0%BF%D1%80%D0%BE%D0%B5%D0%BA%D1%82%D0%BE%D0%B2-%D0%BF%D0%BE-%D0%B2%D0%BD%D0%B5%D0%B4%D1%80%D0%B5%D0%BD%D0%B8%D1%8E-1%D1%81-at-business-automatization-4436685236,Руководитель проектов по внедрению 1С,,scraped,2026-07-14T07:26:13.892547,
b49fbd932ded434e,https://tj.linkedin.com/jobs/view/investor-relations-specialist-at-alif-bank-4399721096,Investor Relations Specialist,,scraped,2026-07-14T12:23:16.722304,
58496e27c47a5b96,https://tj.linkedin.com/jobs/view/%D1%82%D0%B5%D1%85%D0%BD%D0%B8%D1%87%D0%B5%D1%81%D0%BA%D0%B8%D0%B9-%D0%BF%D0%B8%D1%81%D0%B0%D1%82%D0%B5%D0%BB%D1%8C-%D1%81-%D0%BD%D0%B0%D0%B2%D1%8B%D0%BA%D0%B0%D0%BC%D0%B8-%D0%B0%D0%BD%D0%B0%D0%BB%D0%B8%D1%82%D0%B8%D0%BA%D0%B0-%D1%82%D0%BE%D0%BC%D1%81%D0%BA-%D0%BE%D1%84%D0%B8%D1%81-fulltime-at-%D1%88%D0%BA%D0%BE%D0%BB%D0%B0-%D0%B0%D0%BD%D0%B0%D0%BB%D0%B8%D0%B7%D0%B0-%D0%B8-%D0%BF%D1%80%D0%BE%D0%B5%D0%BA%D1%82%D0%B8%D1%80%D0%BE%D0%B2%D0%B0%D0%BD%D0%B8%D1%8F-%D0%B8%D0%BD%D1%84%D0%BE%D1%80%D0%BC%D0%B0%D1%86%D0%B8%D0%BE%D0%BD%D0%BD%D1%8B%D1%85-%D1%81%D0%B8%D1%81%D1%82%D0%B5%D0%BC-4439121375,"Технический писатель с навыками аналитика. Томск, офис, fulltime",,scraped,2026-07-14T17:49:45.586816,
b435491da1e8b820,https://tj.linkedin.com/jobs/view/programme-policy-officer-gcf-inception-ssa9-at-world-food-programme-4440592332,Programme Policy Officer (GCF Inception) SSA9,,scraped,2026-07-14T17:49:57.581279,
fb567e0e375741d3,https://tj.linkedin.com/jobs/view/%D0%BF%D1%80%D0%B8%D0%B1%D0%B8%D1%80%D0%B0%D0%BB%D1%8C%D0%BD%D0%B8%D0%BA-%D1%81%D0%BB%D1%83%D0%B6%D0%B1%D0%BE%D0%B2%D0%B8%D1%85-%D0%BF%D1%80%D0%B8%D0%BC%D1%96%D1%89%D0%B5%D0%BD%D1%8C-at-%D0%B1%D0%BB%D0%B8%D0%B7%D0%B5%D0%BD%D1%8C%D0%BA%D0%BE-4440087822,Прибиральник службових приміщень,Близенько,failed|wp_post_failed,2026-07-14T17:50:16.798674,
13e62eebadbfad3a,https://tj.linkedin.com/jobs/view/programme-policy-officer-food-systems-nob-at-world-food-programme-4440599109,Programme Policy Officer (Food Systems) NOB,,scraped,2026-07-14T21:44:06.013886,
579b30509790df9f,https://tj.linkedin.com/jobs/view/communication-outreach-and-gender-analyst-at-un-volunteers-europe-and-central-asia-4439840030,"Communication, Outreach and Gender Analyst",,scraped,2026-07-14T21:44:48.004903,
e5d1c299219e65be,https://tj.linkedin.com/jobs/view/%D0%BF%D1%80%D0%BE%D0%B4%D0%B0%D0%B2%D0%B5%D1%86%D1%8C-%D0%BA%D0%BE%D0%BD%D1%81%D1%83%D0%BB%D1%8C%D1%82%D0%B0%D0%BD%D1%82-at-%D0%B1%D0%BB%D0%B8%D0%B7%D0%B5%D0%BD%D1%8C%D0%BA%D0%BE-4440920917,Продавець-консультант,Близенько,posted,2026-07-15T12:56:03.952222,77
bc957fa3497a49b0,https://tj.linkedin.com/jobs/view/%D0%BF%D1%80%D0%BE%D0%B4%D0%B0%D0%B2%D0%B5%D1%86%D1%8C-%D0%BA%D0%BE%D0%BD%D1%81%D1%83%D0%BB%D1%8C%D1%82%D0%B0%D0%BD%D1%82-at-%D0%B1%D0%BB%D0%B8%D0%B7%D0%B5%D0%BD%D1%8C%D0%BA%D0%BE-4440933534,Продавець-консультант,Близенько,scraped,2026-07-15T12:56:08.148842,
81de604ded9b4da0,https://tj.linkedin.com/jobs/view/%D0%BF%D1%80%D0%BE%D0%B4%D0%B0%D0%B2%D0%B5%D1%86%D1%8C-%D0%BA%D0%BE%D0%BD%D1%81%D1%83%D0%BB%D1%8C%D1%82%D0%B0%D0%BD%D1%82-at-%D0%B1%D0%BB%D0%B8%D0%B7%D0%B5%D0%BD%D1%8C%D0%BA%D0%BE-4440939086,Продавець-консультант,Близенько,scraped,2026-07-15T12:56:12.325944,
442eb17552aeeac8,https://tj.linkedin.com/jobs/view/%D0%BC%D0%B5%D0%BD%D0%B5%D0%B4%D0%B6%D0%B5%D1%80-%D0%BF%D0%BE-%D0%BC%D0%BE%D0%BD%D0%B8%D1%82%D0%BE%D1%80%D0%B8%D0%BD%D0%B3%D1%83-%D0%B8-%D1%81%D0%BE%D0%B2%D0%B5%D1%80%D1%88%D0%B5%D0%BD%D1%81%D1%82%D0%B2%D0%BE%D0%B2%D0%B0%D0%BD%D0%B8%D1%8E-%D0%BF%D1%80%D0%BE%D1%86%D0%B5%D1%81%D1%81%D0%BE%D0%B2-at-ojsc-bank-eskhata-%E2%80%8B-4438078406,Менеджер по мониторингу и совершенствованию процессов,,scraped,2026-07-15T12:56:47.554619,
88ef6a2bdba6a636,https://tj.linkedin.com/jobs/view/%D0%B0%D0%B4%D0%BC%D1%96%D0%BD%D1%96%D1%81%D1%82%D1%80%D0%B0%D1%82%D0%BE%D1%80-at-%D0%B1%D0%BB%D0%B8%D0%B7%D0%B5%D0%BD%D1%8C%D0%BA%D0%BE-4440936077,Адміністратор,Близенько,failed|wp_post_failed,2026-07-15T18:00:24.745641,
453bc8a321bf12db,https://tj.linkedin.com/jobs/view/monitoring-assistant-sc4-gharm-bokhtar-at-world-food-programme-4441225215,Monitoring Assistant SC4 (Gharm & Bokhtar),,scraped,2026-07-15T18:01:30.985882,
9635941dac341492,https://tj.linkedin.com/jobs/view/education-program-manager-at-efekta-education-4440265582,Education Program Manager,,scraped,2026-07-15T21:33:18.715509,
3b8d18ffe7176542,https://tj.linkedin.com/jobs/view/%D0%BF%D1%80%D0%BE%D0%B4%D0%B0%D0%B2%D0%B5%D1%86%D1%8C-%D0%BA%D0%BE%D0%BD%D1%81%D1%83%D0%BB%D1%8C%D1%82%D0%B0%D0%BD%D1%82-at-%D0%B1%D0%BB%D0%B8%D0%B7%D0%B5%D0%BD%D1%8C%D0%BA%D0%BE-4439701504,Продавець-консультант,Близенько,posted,2026-07-15T21:33:50.412600,79
44dd0b13dcbf9abe,https://tj.linkedin.com/jobs/view/%D0%BF%D1%80%D0%BE%D0%B4%D0%B0%D0%B2%D0%B5%D1%86%D1%8C-%D0%BA%D0%BE%D0%BD%D1%81%D1%83%D0%BB%D1%8C%D1%82%D0%B0%D0%BD%D1%82-at-%D0%B1%D0%BB%D0%B8%D0%B7%D0%B5%D0%BD%D1%8C%D0%BA%D0%BE-4439587875,Продавець-консультант,Близенько,scraped,2026-07-15T21:33:56.518270,
f9ee80fdd9ffdc79,https://tj.linkedin.com/jobs/view/national-consultant-to-support-moes-with-tajik-language-tlm-development-component-2-isdb-gpe-ofid-education-reform-project-phase-ii-%E2%80%94-year-2-tajikistan-dushanbe-education-section-remote-at-unicef-4440584796,"National Consultant to support MoES with Tajik Language TLM development (Component 2, IsDB/GPE/OFID Education Reform Project, Phase II — Year 2), Tajikistan, Dushanbe, Education Section, Remote",UNICEF,posted,2026-07-16T06:37:58.172435,81
a8c48f49bf314568,https://tj.linkedin.com/jobs/view/conductor-a-autob%C3%BAs-at-sagal%C3%A9s-4440761711,Conductor/a autobús,,scraped,2026-07-16T17:57:03.180407,
8569dcede0a9879e,https://tj.linkedin.com/jobs/view/partnerships-associate-sc6-at-world-food-programme-4441464211,Partnerships Associate SC6,,scraped,2026-07-16T17:57:47.471560,
330c741e8fe035ee,https://tj.linkedin.com/jobs/view/senior-architect-building-construction-project-at-confidential-4441467067,Senior Architect - Building Construction Project,Confidential,posted,2026-07-16T17:58:03.445804,83
7cdaf526bb6cbd23,https://tj.linkedin.com/jobs/view/senior-product-manager-remote-contract-at-infuse-4441620308,"Senior Product Manager (Remote, Contract)",INFUSE,posted,2026-07-16T21:46:27.028426,85
10ed1bde12a59e12,https://tj.linkedin.com/jobs/view/senior-project-manager-remote-contract-at-infuse-4441636436,"Senior Project Manager (Remote, Contract)",INFUSE,posted,2026-07-16T21:46:35.862478,87
3f87cb6748d2f9bf,https://tj.linkedin.com/jobs/view/national-consultant-for-school-of-tlm-authors-phase-ii-%E2%80%93-isdb-gpe-ofid-project-education-section-11-months-dushanbe-tajikistan-home-based-at-unicef-4441214483,"National Consultant for School of TLM Authors, Phase II – IsDB/GPE/OFID Project ,Education Section, 11 months, Dushanbe, Tajikistan, Home based",UNICEF,posted,2026-07-16T21:46:51.043033,89
b684dba86ed17a8f,https://tj.linkedin.com/jobs/view/senior-project-engineer-project-engineer-construction-development-at-confidential-4441450839,Senior Project Engineer & Project Engineer - Construction  & Development,Confidential,posted,2026-07-16T21:47:05.760244,91
903e802bb35907ab,https://tj.linkedin.com/jobs/view/%D0%BF%D1%80%D0%BE%D1%80%D0%B0%D0%B1-%D0%BD%D0%B0-%D1%81%D1%82%D1%80%D0%BE%D0%B8%D1%82%D0%B5%D0%BB%D1%8C%D0%BD%D1%83%D1%8E-%D0%BF%D0%BB%D0%BE%D1%89%D0%B0%D0%B4%D0%BA%D1%83-at-arhzavod-4441934632,Прораб на строительную площадку,,scraped,2026-07-17T06:29:29.817525,
11e456ecd85c2b5b,https://tj.linkedin.com/jobs/view/medical-associate-at-iom-un-migration-4441942835,Medical Associate,IOM - UN Migration,posted,2026-07-17T12:04:14.728272,93
60a90c19cc66ece6,https://tj.linkedin.com/jobs/view/it-asset-manager-software-it-services-manager-at-freedom24-4442154557,IT Asset Manager / Software & IT Services Manager,,scraped,2026-07-17T20:40:37.640480,
acaff9a2565c7689,https://tj.linkedin.com/jobs/view/digital-marketing-specialist-4437688005,Digital Marketing Specialist,Technology Media Marketing Services,posted,2026-07-18T06:01:07.386627,95
b72564c61d3865e8,https://tj.linkedin.com/jobs/view/%D0%BF%D0%B5%D0%BA%D0%B0%D1%80-at-%D0%B1%D0%BB%D0%B8%D0%B7%D0%B5%D0%BD%D1%8C%D0%BA%D0%BE-4442430915,Пекар,Близенько,failed|wp_post_failed,2026-07-18T10:47:25.228616,
2a5a7c30a55b1b09,https://tj.linkedin.com/jobs/view/%D0%B0%D0%B4%D0%BC%D1%96%D0%BD%D1%96%D1%81%D1%82%D1%80%D0%B0%D1%82%D0%BE%D1%80-at-%D0%B1%D0%BB%D0%B8%D0%B7%D0%B5%D0%BD%D1%8C%D0%BA%D0%BE-4442442238,Адміністратор,Близенько,failed|wp_post_failed,2026-07-18T10:47:29.187769,
d35c114c5e72cf7f,https://tj.linkedin.com/jobs/view/%D0%BA%D0%B5%D1%80%D1%83%D1%8E%D1%87%D0%B8%D0%B9-%D0%BC%D0%B0%D0%B3%D0%B0%D0%B7%D0%B8%D0%BD%D1%83-at-%D0%B1%D0%BB%D0%B8%D0%B7%D0%B5%D0%BD%D1%8C%D0%BA%D0%BE-4442446178,Керуючий магазину,Близенько,failed|wp_post_failed,2026-07-18T10:47:47.223475,
af53ddccf8602646,https://tj.linkedin.com/jobs/view/%D0%BA%D0%B5%D1%80%D1%83%D1%8E%D1%87%D0%B8%D0%B9-%D0%BC%D0%B0%D0%B3%D0%B0%D0%B7%D0%B8%D0%BD%D1%83-at-%D0%B1%D0%BB%D0%B8%D0%B7%D0%B5%D0%BD%D1%8C%D0%BA%D0%BE-4442435646,Керуючий магазину,Близенько,scraped,2026-07-18T10:47:51.251770,
f566d4aac3896f77,https://tj.linkedin.com/jobs/view/%D0%BF%D1%80%D0%B8%D0%B1%D0%B8%D1%80%D0%B0%D0%BB%D1%8C%D0%BD%D0%B8%D0%BA-%D1%81%D0%BB%D1%83%D0%B6%D0%B1%D0%BE%D0%B2%D0%B8%D1%85-%D0%BF%D1%80%D0%B8%D0%BC%D1%96%D1%89%D0%B5%D0%BD%D1%8C-at-%D0%B1%D0%BB%D0%B8%D0%B7%D0%B5%D0%BD%D1%8C%D0%BA%D0%BE-4442428920,Прибиральник службових приміщень,Близенько,failed|wp_post_failed,2026-07-18T10:47:55.165227,
7f09ca5686baf22a,https://tj.linkedin.com/jobs/view/%D0%BF%D1%80%D0%B8%D0%B1%D0%B8%D1%80%D0%B0%D0%BB%D1%8C%D0%BD%D0%B8%D0%BA-%D1%81%D0%BB%D1%83%D0%B6%D0%B1%D0%BE%D0%B2%D0%B8%D1%85-%D0%BF%D1%80%D0%B8%D0%BC%D1%96%D1%89%D0%B5%D0%BD%D1%8C-at-%D0%B1%D0%BB%D0%B8%D0%B7%D0%B5%D0%BD%D1%8C%D0%BA%D0%BE-4442434682,Прибиральник службових приміщень,Близенько,scraped,2026-07-18T10:47:59.094052,
b844f433f87e85ad,https://tj.linkedin.com/jobs/view/%D0%BF%D1%80%D0%B8%D0%B1%D0%B8%D1%80%D0%B0%D0%BB%D1%8C%D0%BD%D0%B8%D0%BA-%D1%81%D0%BB%D1%83%D0%B6%D0%B1%D0%BE%D0%B2%D0%B8%D1%85-%D0%BF%D1%80%D0%B8%D0%BC%D1%96%D1%89%D0%B5%D0%BD%D1%8C-at-%D0%B1%D0%BB%D0%B8%D0%B7%D0%B5%D0%BD%D1%8C%D0%BA%D0%BE-4442438459,Прибиральник службових приміщень,Близенько,scraped,2026-07-18T10:48:03.184426,
ef57d309fbc0bb05,https://tj.linkedin.com/jobs/view/%D0%BF%D1%80%D0%B8%D0%B1%D0%B8%D1%80%D0%B0%D0%BB%D1%8C%D0%BD%D0%B8%D0%BA-%D1%81%D0%BB%D1%83%D0%B6%D0%B1%D0%BE%D0%B2%D0%B8%D1%85-%D0%BF%D1%80%D0%B8%D0%BC%D1%96%D1%89%D0%B5%D0%BD%D1%8C-at-%D0%B1%D0%BB%D0%B8%D0%B7%D0%B5%D0%BD%D1%8C%D0%BA%D0%BE-4442446185,Прибиральник службових приміщень,Близенько,scraped,2026-07-18T10:48:07.241269,
337126b67de906dc,https://tj.linkedin.com/jobs/view/%D0%B0%D0%B4%D0%BC%D1%96%D0%BD%D1%96%D1%81%D1%82%D1%80%D0%B0%D1%82%D0%BE%D1%80-at-%D0%B1%D0%BB%D0%B8%D0%B7%D0%B5%D0%BD%D1%8C%D0%BA%D0%BE-4442435656,Адміністратор,Близенько,scraped,2026-07-18T10:48:11.328500,
8c88df88b10d2da7,https://tj.linkedin.com/jobs/view/%D0%B0%D0%B4%D0%BC%D1%96%D0%BD%D1%96%D1%81%D1%82%D1%80%D0%B0%D1%82%D0%BE%D1%80-at-%D0%B1%D0%BB%D0%B8%D0%B7%D0%B5%D0%BD%D1%8C%D0%BA%D0%BE-4442434680,Адміністратор,Близенько,scraped,2026-07-18T10:48:15.259292,
992d229928ce2f4e,https://tj.linkedin.com/jobs/view/%D0%B0%D0%B4%D0%BC%D1%96%D0%BD%D1%96%D1%81%D1%82%D1%80%D0%B0%D1%82%D0%BE%D1%80-at-%D0%B1%D0%BB%D0%B8%D0%B7%D0%B5%D0%BD%D1%8C%D0%BA%D0%BE-4442448146,Адміністратор,Близенько,scraped,2026-07-18T10:48:19.742500,
ec5b40756652b707,https://tj.linkedin.com/jobs/view/funded-traineeship-for-young-graduates-at-the-eu-delegation-to-tajikistan-at-eubam-libya-4442455896,Funded traineeship for young graduates at the EU Delegation to Tajikistan,,scraped,2026-07-18T15:32:56.995355,
58f00efa90132437,https://tj.linkedin.com/jobs/view/network-engineer-office-infrastructure-at-freedom24-4442155380,Network Engineer (Office Infrastructure),,scraped,2026-07-18T15:33:05.998071,
e9b8551f229bfaea,https://tj.linkedin.com/jobs/view/%D0%BF%D1%80%D0%BE%D0%B4%D0%B0%D0%B2%D0%B5%D1%86%D1%8C-%D0%BA%D0%BE%D0%BD%D1%81%D1%83%D0%BB%D1%8C%D1%82%D0%B0%D0%BD%D1%82-at-%D0%B1%D0%BB%D0%B8%D0%B7%D0%B5%D0%BD%D1%8C%D0%BA%D0%BE-4442441265,Продавець-консультант,Близенько,posted,2026-07-18T15:33:23.727371,97
73b2322c132f9e4b,https://tj.linkedin.com/jobs/view/%D0%BF%D1%80%D0%BE%D0%B4%D0%B0%D0%B2%D0%B5%D1%86%D1%8C-%D0%BA%D0%BE%D0%BD%D1%81%D1%83%D0%BB%D1%8C%D1%82%D0%B0%D0%BD%D1%82-at-%D0%B1%D0%BB%D0%B8%D0%B7%D0%B5%D0%BD%D1%8C%D0%BA%D0%BE-4442430910,Продавець-консультант,Близенько,scraped,2026-07-18T15:33:27.638022,
fbb3d1d4a4dfa487,https://tj.linkedin.com/jobs/view/%D0%BF%D1%80%D0%BE%D0%B4%D0%B0%D0%B2%D0%B5%D1%86%D1%8C-%D0%BA%D0%BE%D0%BD%D1%81%D1%83%D0%BB%D1%8C%D1%82%D0%B0%D0%BD%D1%82-at-%D0%B1%D0%BB%D0%B8%D0%B7%D0%B5%D0%BD%D1%8C%D0%BA%D0%BE-4442434679,Продавець-консультант,Близенько,scraped,2026-07-18T15:33:31.707023,
b3f0bbe494a65754,https://tj.linkedin.com/jobs/view/%D0%BF%D1%80%D0%B8%D0%B1%D0%B8%D1%80%D0%B0%D0%BB%D1%8C%D0%BD%D0%B8%D0%BA-%D1%81%D0%BB%D1%83%D0%B6%D0%B1%D0%BE%D0%B2%D0%B8%D1%85-%D0%BF%D1%80%D0%B8%D0%BC%D1%96%D1%89%D0%B5%D0%BD%D1%8C-at-%D0%B1%D0%BB%D0%B8%D0%B7%D0%B5%D0%BD%D1%8C%D0%BA%D0%BE-4442438460,Прибиральник службових приміщень,Близенько,failed|wp_post_failed,2026-07-18T22:34:20.827862,
f848156fccaaf20d,https://tj.linkedin.com/jobs/view/%D0%B0%D0%B4%D0%BC%D1%96%D0%BD%D1%96%D1%81%D1%82%D1%80%D0%B0%D1%82%D0%BE%D1%80-at-%D0%B1%D0%BB%D0%B8%D0%B7%D0%B5%D0%BD%D1%8C%D0%BA%D0%BE-4442433775,Адміністратор,Близенько,failed|wp_post_failed,2026-07-18T22:34:33.557916,
1b485bb1fbc7ca32,https://tj.linkedin.com/jobs/view/%D0%B0%D0%B4%D0%BC%D1%96%D0%BD%D1%96%D1%81%D1%82%D1%80%D0%B0%D1%82%D0%BE%D1%80-at-%D0%B1%D0%BB%D0%B8%D0%B7%D0%B5%D0%BD%D1%8C%D0%BA%D0%BE-4442436523,Адміністратор,Близенько,scraped,2026-07-18T22:34:37.523134,
3d238df93a1ebc2e,https://tj.linkedin.com/jobs/view/%D0%BF%D1%80%D0%B8%D0%B1%D0%B8%D1%80%D0%B0%D0%BB%D1%8C%D0%BD%D0%B8%D0%BA-%D1%81%D0%BB%D1%83%D0%B6%D0%B1%D0%BE%D0%B2%D0%B8%D1%85-%D0%BF%D1%80%D0%B8%D0%BC%D1%96%D1%89%D0%B5%D0%BD%D1%8C-at-%D0%B1%D0%BB%D0%B8%D0%B7%D0%B5%D0%BD%D1%8C%D0%BA%D0%BE-4442448158,Прибиральник службових приміщень,Близенько,scraped,2026-07-18T22:34:41.510351,
a4734815aaadf13c,https://tj.linkedin.com/jobs/view/%D0%BA%D0%B5%D1%80%D1%83%D1%8E%D1%87%D0%B8%D0%B9-%D0%BC%D0%B0%D0%B3%D0%B0%D0%B7%D0%B8%D0%BD%D1%83-at-%D0%B1%D0%BB%D0%B8%D0%B7%D0%B5%D0%BD%D1%8C%D0%BA%D0%BE-4442432814,Керуючий магазину,Близенько,failed|wp_post_failed,2026-07-18T22:34:45.515189,
33de63612b1229d5,https://tj.linkedin.com/jobs/view/%D0%BC%D0%B5%D0%BD%D0%B5%D0%B4%D0%B6%D0%B5%D1%80%D1%8B-%D0%BF%D0%BE-%D1%80%D0%B0%D0%B1%D0%BE%D1%82%D0%B5-%D1%81-%D0%BA%D0%BB%D0%B8%D0%B5%D0%BD%D1%82%D0%B0%D0%BC%D0%B8-%D0%B2-%D0%B3%D0%BE%D1%80%D0%BE%D0%B4%D0%B0%D1%85-%D1%80%D0%BE%D1%81%D1%81%D0%B8%D0%B8-%D0%B8-%D1%81%D0%BD%D0%B3-at-%D1%80%D0%B5%D0%BA%D0%BB%D0%B0%D0%BC%D0%BD%D1%8B%D0%B5-%D0%B2%D0%BA%D1%83%D1%81%D0%BD%D0%BE%D1%81%D1%82%D0%B8-%D1%80%D1%84-4439662320,Менеджеры по работе с клиентами в городах России и СНГ,,scraped,2026-07-19T07:52:26.316851,
d3b2e293f476efcc,https://tj.linkedin.com/jobs/view/migration-health-nurse-at-iom-un-migration-4441952301,Migration Health Nurse,IOM - UN Migration,posted,2026-07-19T07:52:50.354595,99
7b1efb07f8b84773,https://tj.linkedin.com/jobs/view/%D0%BF%D1%80%D0%BE%D0%B4%D0%B0%D0%B2%D0%B5%D1%86%D1%8C-%D0%BA%D0%BE%D0%BD%D1%81%D1%83%D0%BB%D1%8C%D1%82%D0%B0%D0%BD%D1%82-at-%D0%B1%D0%BB%D0%B8%D0%B7%D0%B5%D0%BD%D1%8C%D0%BA%D0%BE-4442443252,Продавець-консультант,Близенько,posted,2026-07-19T11:40:31.208587,101
2a66dafbdbf74a95,https://tj.linkedin.com/jobs/view/%D0%BA%D0%B0%D1%81%D0%B8%D1%80-at-%D1%81%D0%B5%D1%80%D0%B2%D0%B8%D1%81-%D0%BE%D0%B1%D0%BC%D0%B5%D0%BD%D0%B0-%D0%B2%D0%B0%D0%BB%D1%8E%D1%82-garant-4442541001,Касир,,scraped,2026-07-19T15:37:42.140033,
a1a48ed24155cf28,https://tj.linkedin.com/jobs/view/%D1%82%D0%B5%D1%85%D0%BD%D1%96%D1%87%D0%BD%D0%B8%D0%B9-%D0%BF%D0%B8%D1%81%D1%8C%D0%BC%D0%B5%D0%BD%D0%BD%D0%B8%D0%BA-at-%D1%81%D0%B5%D1%80%D0%B2%D0%B8%D1%81-%D0%BE%D0%B1%D0%BC%D0%B5%D0%BD%D0%B0-%D0%B2%D0%B0%D0%BB%D1%8E%D1%82-garant-4442521867,Технічний письменник,,scraped,2026-07-19T15:37:48.399522,
cd4d481c5f075955,https://tj.linkedin.com/jobs/view/%D0%B1%D1%83%D1%85%D0%B3%D0%B0%D0%BB%D1%82%D0%B5%D1%80-at-%D1%81%D0%B5%D1%80%D0%B2%D0%B8%D1%81-%D0%BE%D0%B1%D0%BC%D0%B5%D0%BD%D0%B0-%D0%B2%D0%B0%D0%BB%D1%8E%D1%82-garant-4442526571,Бухгалтер,,scraped,2026-07-19T15:38:05.120464,
041fb98b1cabbfd7,https://tj.linkedin.com/jobs/view/russian-tajik-linguist-cat-ii-at-valiant-integrated-services-4275012367,Russian/Tajik Linguist CAT II,Valiant Integrated Services,posted,2026-07-19T22:38:15.703073,103
3f685a652b982a57,https://tj.linkedin.com/jobs/view/data-engineer-%E2%80%93-mva-inference-audience-development-remote-global-at-reliance-automated-verified-leads-llc-4442742247,"Data Engineer – MVA Inference & Audience Development (Remote, Global)","Reliance Automated Verified Leads, LLC",posted,2026-07-20T17:08:49.618309,105
